name,type,direction,description
smi_000,string,,Generated compound index 0 using pre-trained LibInvent model
smi_001,string,,Generated compound index 1 using pre-trained LibInvent model
smi_002,string,,Generated compound index 2 using pre-trained LibInvent model
smi_003,string,,Generated compound index 3 using pre-trained LibInvent model
smi_004,string,,Generated compound index 4 using pre-trained LibInvent model
smi_005,string,,Generated compound index 5 using pre-trained LibInvent model
smi_006,string,,Generated compound index 6 using pre-trained LibInvent model
smi_007,string,,Generated compound index 7 using pre-trained LibInvent model
smi_008,string,,Generated compound index 8 using pre-trained LibInvent model
smi_009,string,,Generated compound index 9 using pre-trained LibInvent model
smi_010,string,,Generated compound index 10 using pre-trained LibInvent model
smi_011,string,,Generated compound index 11 using pre-trained LibInvent model
smi_012,string,,Generated compound index 12 using pre-trained LibInvent model
smi_013,string,,Generated compound index 13 using pre-trained LibInvent model
smi_014,string,,Generated compound index 14 using pre-trained LibInvent model
smi_015,string,,Generated compound index 15 using pre-trained LibInvent model
smi_016,string,,Generated compound index 16 using pre-trained LibInvent model
smi_017,string,,Generated compound index 17 using pre-trained LibInvent model
smi_018,string,,Generated compound index 18 using pre-trained LibInvent model
smi_019,string,,Generated compound index 19 using pre-trained LibInvent model
smi_020,string,,Generated compound index 20 using pre-trained LibInvent model
smi_021,string,,Generated compound index 21 using pre-trained LibInvent model
smi_022,string,,Generated compound index 22 using pre-trained LibInvent model
smi_023,string,,Generated compound index 23 using pre-trained LibInvent model
smi_024,string,,Generated compound index 24 using pre-trained LibInvent model
smi_025,string,,Generated compound index 25 using pre-trained LibInvent model
smi_026,string,,Generated compound index 26 using pre-trained LibInvent model
smi_027,string,,Generated compound index 27 using pre-trained LibInvent model
smi_028,string,,Generated compound index 28 using pre-trained LibInvent model
smi_029,string,,Generated compound index 29 using pre-trained LibInvent model
smi_030,string,,Generated compound index 30 using pre-trained LibInvent model
smi_031,string,,Generated compound index 31 using pre-trained LibInvent model
smi_032,string,,Generated compound index 32 using pre-trained LibInvent model
smi_033,string,,Generated compound index 33 using pre-trained LibInvent model
smi_034,string,,Generated compound index 34 using pre-trained LibInvent model
smi_035,string,,Generated compound index 35 using pre-trained LibInvent model
smi_036,string,,Generated compound index 36 using pre-trained LibInvent model
smi_037,string,,Generated compound index 37 using pre-trained LibInvent model
smi_038,string,,Generated compound index 38 using pre-trained LibInvent model
smi_039,string,,Generated compound index 39 using pre-trained LibInvent model
smi_040,string,,Generated compound index 40 using pre-trained LibInvent model
smi_041,string,,Generated compound index 41 using pre-trained LibInvent model
smi_042,string,,Generated compound index 42 using pre-trained LibInvent model
smi_043,string,,Generated compound index 43 using pre-trained LibInvent model
smi_044,string,,Generated compound index 44 using pre-trained LibInvent model
smi_045,string,,Generated compound index 45 using pre-trained LibInvent model
smi_046,string,,Generated compound index 46 using pre-trained LibInvent model
smi_047,string,,Generated compound index 47 using pre-trained LibInvent model
smi_048,string,,Generated compound index 48 using pre-trained LibInvent model
smi_049,string,,Generated compound index 49 using pre-trained LibInvent model
smi_050,string,,Generated compound index 50 using pre-trained LibInvent model
smi_051,string,,Generated compound index 51 using pre-trained LibInvent model
smi_052,string,,Generated compound index 52 using pre-trained LibInvent model
smi_053,string,,Generated compound index 53 using pre-trained LibInvent model
smi_054,string,,Generated compound index 54 using pre-trained LibInvent model
smi_055,string,,Generated compound index 55 using pre-trained LibInvent model
smi_056,string,,Generated compound index 56 using pre-trained LibInvent model
smi_057,string,,Generated compound index 57 using pre-trained LibInvent model
smi_058,string,,Generated compound index 58 using pre-trained LibInvent model
smi_059,string,,Generated compound index 59 using pre-trained LibInvent model
smi_060,string,,Generated compound index 60 using pre-trained LibInvent model
smi_061,string,,Generated compound index 61 using pre-trained LibInvent model
smi_062,string,,Generated compound index 62 using pre-trained LibInvent model
smi_063,string,,Generated compound index 63 using pre-trained LibInvent model
smi_064,string,,Generated compound index 64 using pre-trained LibInvent model
smi_065,string,,Generated compound index 65 using pre-trained LibInvent model
smi_066,string,,Generated compound index 66 using pre-trained LibInvent model
smi_067,string,,Generated compound index 67 using pre-trained LibInvent model
smi_068,string,,Generated compound index 68 using pre-trained LibInvent model
smi_069,string,,Generated compound index 69 using pre-trained LibInvent model
smi_070,string,,Generated compound index 70 using pre-trained LibInvent model
smi_071,string,,Generated compound index 71 using pre-trained LibInvent model
smi_072,string,,Generated compound index 72 using pre-trained LibInvent model
smi_073,string,,Generated compound index 73 using pre-trained LibInvent model
smi_074,string,,Generated compound index 74 using pre-trained LibInvent model
smi_075,string,,Generated compound index 75 using pre-trained LibInvent model
smi_076,string,,Generated compound index 76 using pre-trained LibInvent model
smi_077,string,,Generated compound index 77 using pre-trained LibInvent model
smi_078,string,,Generated compound index 78 using pre-trained LibInvent model
smi_079,string,,Generated compound index 79 using pre-trained LibInvent model
smi_080,string,,Generated compound index 80 using pre-trained LibInvent model
smi_081,string,,Generated compound index 81 using pre-trained LibInvent model
smi_082,string,,Generated compound index 82 using pre-trained LibInvent model
smi_083,string,,Generated compound index 83 using pre-trained LibInvent model
smi_084,string,,Generated compound index 84 using pre-trained LibInvent model
smi_085,string,,Generated compound index 85 using pre-trained LibInvent model
smi_086,string,,Generated compound index 86 using pre-trained LibInvent model
smi_087,string,,Generated compound index 87 using pre-trained LibInvent model
smi_088,string,,Generated compound index 88 using pre-trained LibInvent model
smi_089,string,,Generated compound index 89 using pre-trained LibInvent model
smi_090,string,,Generated compound index 90 using pre-trained LibInvent model
smi_091,string,,Generated compound index 91 using pre-trained LibInvent model
smi_092,string,,Generated compound index 92 using pre-trained LibInvent model
smi_093,string,,Generated compound index 93 using pre-trained LibInvent model
smi_094,string,,Generated compound index 94 using pre-trained LibInvent model
smi_095,string,,Generated compound index 95 using pre-trained LibInvent model
smi_096,string,,Generated compound index 96 using pre-trained LibInvent model
smi_097,string,,Generated compound index 97 using pre-trained LibInvent model
smi_098,string,,Generated compound index 98 using pre-trained LibInvent model
smi_099,string,,Generated compound index 99 using pre-trained LibInvent model
smi_100,string,,Generated compound index 100 using pre-trained LibInvent model
smi_101,string,,Generated compound index 101 using pre-trained LibInvent model
smi_102,string,,Generated compound index 102 using pre-trained LibInvent model
smi_103,string,,Generated compound index 103 using pre-trained LibInvent model
smi_104,string,,Generated compound index 104 using pre-trained LibInvent model
smi_105,string,,Generated compound index 105 using pre-trained LibInvent model
smi_106,string,,Generated compound index 106 using pre-trained LibInvent model
smi_107,string,,Generated compound index 107 using pre-trained LibInvent model
smi_108,string,,Generated compound index 108 using pre-trained LibInvent model
smi_109,string,,Generated compound index 109 using pre-trained LibInvent model
smi_110,string,,Generated compound index 110 using pre-trained LibInvent model
smi_111,string,,Generated compound index 111 using pre-trained LibInvent model
smi_112,string,,Generated compound index 112 using pre-trained LibInvent model
smi_113,string,,Generated compound index 113 using pre-trained LibInvent model
smi_114,string,,Generated compound index 114 using pre-trained LibInvent model
smi_115,string,,Generated compound index 115 using pre-trained LibInvent model
smi_116,string,,Generated compound index 116 using pre-trained LibInvent model
smi_117,string,,Generated compound index 117 using pre-trained LibInvent model
smi_118,string,,Generated compound index 118 using pre-trained LibInvent model
smi_119,string,,Generated compound index 119 using pre-trained LibInvent model
smi_120,string,,Generated compound index 120 using pre-trained LibInvent model
smi_121,string,,Generated compound index 121 using pre-trained LibInvent model
smi_122,string,,Generated compound index 122 using pre-trained LibInvent model
smi_123,string,,Generated compound index 123 using pre-trained LibInvent model
smi_124,string,,Generated compound index 124 using pre-trained LibInvent model
smi_125,string,,Generated compound index 125 using pre-trained LibInvent model
smi_126,string,,Generated compound index 126 using pre-trained LibInvent model
smi_127,string,,Generated compound index 127 using pre-trained LibInvent model
smi_128,string,,Generated compound index 128 using pre-trained LibInvent model
smi_129,string,,Generated compound index 129 using pre-trained LibInvent model
smi_130,string,,Generated compound index 130 using pre-trained LibInvent model
smi_131,string,,Generated compound index 131 using pre-trained LibInvent model
smi_132,string,,Generated compound index 132 using pre-trained LibInvent model
smi_133,string,,Generated compound index 133 using pre-trained LibInvent model
smi_134,string,,Generated compound index 134 using pre-trained LibInvent model
smi_135,string,,Generated compound index 135 using pre-trained LibInvent model
smi_136,string,,Generated compound index 136 using pre-trained LibInvent model
smi_137,string,,Generated compound index 137 using pre-trained LibInvent model
smi_138,string,,Generated compound index 138 using pre-trained LibInvent model
smi_139,string,,Generated compound index 139 using pre-trained LibInvent model
smi_140,string,,Generated compound index 140 using pre-trained LibInvent model
smi_141,string,,Generated compound index 141 using pre-trained LibInvent model
smi_142,string,,Generated compound index 142 using pre-trained LibInvent model
smi_143,string,,Generated compound index 143 using pre-trained LibInvent model
smi_144,string,,Generated compound index 144 using pre-trained LibInvent model
smi_145,string,,Generated compound index 145 using pre-trained LibInvent model
smi_146,string,,Generated compound index 146 using pre-trained LibInvent model
smi_147,string,,Generated compound index 147 using pre-trained LibInvent model
smi_148,string,,Generated compound index 148 using pre-trained LibInvent model
smi_149,string,,Generated compound index 149 using pre-trained LibInvent model
smi_150,string,,Generated compound index 150 using pre-trained LibInvent model
smi_151,string,,Generated compound index 151 using pre-trained LibInvent model
smi_152,string,,Generated compound index 152 using pre-trained LibInvent model
smi_153,string,,Generated compound index 153 using pre-trained LibInvent model
smi_154,string,,Generated compound index 154 using pre-trained LibInvent model
smi_155,string,,Generated compound index 155 using pre-trained LibInvent model
smi_156,string,,Generated compound index 156 using pre-trained LibInvent model
smi_157,string,,Generated compound index 157 using pre-trained LibInvent model
smi_158,string,,Generated compound index 158 using pre-trained LibInvent model
smi_159,string,,Generated compound index 159 using pre-trained LibInvent model
smi_160,string,,Generated compound index 160 using pre-trained LibInvent model
smi_161,string,,Generated compound index 161 using pre-trained LibInvent model
smi_162,string,,Generated compound index 162 using pre-trained LibInvent model
smi_163,string,,Generated compound index 163 using pre-trained LibInvent model
smi_164,string,,Generated compound index 164 using pre-trained LibInvent model
smi_165,string,,Generated compound index 165 using pre-trained LibInvent model
smi_166,string,,Generated compound index 166 using pre-trained LibInvent model
smi_167,string,,Generated compound index 167 using pre-trained LibInvent model
smi_168,string,,Generated compound index 168 using pre-trained LibInvent model
smi_169,string,,Generated compound index 169 using pre-trained LibInvent model
smi_170,string,,Generated compound index 170 using pre-trained LibInvent model
smi_171,string,,Generated compound index 171 using pre-trained LibInvent model
smi_172,string,,Generated compound index 172 using pre-trained LibInvent model
smi_173,string,,Generated compound index 173 using pre-trained LibInvent model
smi_174,string,,Generated compound index 174 using pre-trained LibInvent model
smi_175,string,,Generated compound index 175 using pre-trained LibInvent model
smi_176,string,,Generated compound index 176 using pre-trained LibInvent model
smi_177,string,,Generated compound index 177 using pre-trained LibInvent model
smi_178,string,,Generated compound index 178 using pre-trained LibInvent model
smi_179,string,,Generated compound index 179 using pre-trained LibInvent model
smi_180,string,,Generated compound index 180 using pre-trained LibInvent model
smi_181,string,,Generated compound index 181 using pre-trained LibInvent model
smi_182,string,,Generated compound index 182 using pre-trained LibInvent model
smi_183,string,,Generated compound index 183 using pre-trained LibInvent model
smi_184,string,,Generated compound index 184 using pre-trained LibInvent model
smi_185,string,,Generated compound index 185 using pre-trained LibInvent model
smi_186,string,,Generated compound index 186 using pre-trained LibInvent model
smi_187,string,,Generated compound index 187 using pre-trained LibInvent model
smi_188,string,,Generated compound index 188 using pre-trained LibInvent model
smi_189,string,,Generated compound index 189 using pre-trained LibInvent model
smi_190,string,,Generated compound index 190 using pre-trained LibInvent model
smi_191,string,,Generated compound index 191 using pre-trained LibInvent model
smi_192,string,,Generated compound index 192 using pre-trained LibInvent model
smi_193,string,,Generated compound index 193 using pre-trained LibInvent model
smi_194,string,,Generated compound index 194 using pre-trained LibInvent model
smi_195,string,,Generated compound index 195 using pre-trained LibInvent model
smi_196,string,,Generated compound index 196 using pre-trained LibInvent model
smi_197,string,,Generated compound index 197 using pre-trained LibInvent model
smi_198,string,,Generated compound index 198 using pre-trained LibInvent model
smi_199,string,,Generated compound index 199 using pre-trained LibInvent model
smi_200,string,,Generated compound index 200 using pre-trained LibInvent model
smi_201,string,,Generated compound index 201 using pre-trained LibInvent model
smi_202,string,,Generated compound index 202 using pre-trained LibInvent model
smi_203,string,,Generated compound index 203 using pre-trained LibInvent model
smi_204,string,,Generated compound index 204 using pre-trained LibInvent model
smi_205,string,,Generated compound index 205 using pre-trained LibInvent model
smi_206,string,,Generated compound index 206 using pre-trained LibInvent model
smi_207,string,,Generated compound index 207 using pre-trained LibInvent model
smi_208,string,,Generated compound index 208 using pre-trained LibInvent model
smi_209,string,,Generated compound index 209 using pre-trained LibInvent model
smi_210,string,,Generated compound index 210 using pre-trained LibInvent model
smi_211,string,,Generated compound index 211 using pre-trained LibInvent model
smi_212,string,,Generated compound index 212 using pre-trained LibInvent model
smi_213,string,,Generated compound index 213 using pre-trained LibInvent model
smi_214,string,,Generated compound index 214 using pre-trained LibInvent model
smi_215,string,,Generated compound index 215 using pre-trained LibInvent model
smi_216,string,,Generated compound index 216 using pre-trained LibInvent model
smi_217,string,,Generated compound index 217 using pre-trained LibInvent model
smi_218,string,,Generated compound index 218 using pre-trained LibInvent model
smi_219,string,,Generated compound index 219 using pre-trained LibInvent model
smi_220,string,,Generated compound index 220 using pre-trained LibInvent model
smi_221,string,,Generated compound index 221 using pre-trained LibInvent model
smi_222,string,,Generated compound index 222 using pre-trained LibInvent model
smi_223,string,,Generated compound index 223 using pre-trained LibInvent model
smi_224,string,,Generated compound index 224 using pre-trained LibInvent model
smi_225,string,,Generated compound index 225 using pre-trained LibInvent model
smi_226,string,,Generated compound index 226 using pre-trained LibInvent model
smi_227,string,,Generated compound index 227 using pre-trained LibInvent model
smi_228,string,,Generated compound index 228 using pre-trained LibInvent model
smi_229,string,,Generated compound index 229 using pre-trained LibInvent model
smi_230,string,,Generated compound index 230 using pre-trained LibInvent model
smi_231,string,,Generated compound index 231 using pre-trained LibInvent model
smi_232,string,,Generated compound index 232 using pre-trained LibInvent model
smi_233,string,,Generated compound index 233 using pre-trained LibInvent model
smi_234,string,,Generated compound index 234 using pre-trained LibInvent model
smi_235,string,,Generated compound index 235 using pre-trained LibInvent model
smi_236,string,,Generated compound index 236 using pre-trained LibInvent model
smi_237,string,,Generated compound index 237 using pre-trained LibInvent model
smi_238,string,,Generated compound index 238 using pre-trained LibInvent model
smi_239,string,,Generated compound index 239 using pre-trained LibInvent model
smi_240,string,,Generated compound index 240 using pre-trained LibInvent model
smi_241,string,,Generated compound index 241 using pre-trained LibInvent model
smi_242,string,,Generated compound index 242 using pre-trained LibInvent model
smi_243,string,,Generated compound index 243 using pre-trained LibInvent model
smi_244,string,,Generated compound index 244 using pre-trained LibInvent model
smi_245,string,,Generated compound index 245 using pre-trained LibInvent model
smi_246,string,,Generated compound index 246 using pre-trained LibInvent model
smi_247,string,,Generated compound index 247 using pre-trained LibInvent model
smi_248,string,,Generated compound index 248 using pre-trained LibInvent model
smi_249,string,,Generated compound index 249 using pre-trained LibInvent model
smi_250,string,,Generated compound index 250 using pre-trained LibInvent model
smi_251,string,,Generated compound index 251 using pre-trained LibInvent model
smi_252,string,,Generated compound index 252 using pre-trained LibInvent model
smi_253,string,,Generated compound index 253 using pre-trained LibInvent model
smi_254,string,,Generated compound index 254 using pre-trained LibInvent model
smi_255,string,,Generated compound index 255 using pre-trained LibInvent model
smi_256,string,,Generated compound index 256 using pre-trained LibInvent model
smi_257,string,,Generated compound index 257 using pre-trained LibInvent model
smi_258,string,,Generated compound index 258 using pre-trained LibInvent model
smi_259,string,,Generated compound index 259 using pre-trained LibInvent model
smi_260,string,,Generated compound index 260 using pre-trained LibInvent model
smi_261,string,,Generated compound index 261 using pre-trained LibInvent model
smi_262,string,,Generated compound index 262 using pre-trained LibInvent model
smi_263,string,,Generated compound index 263 using pre-trained LibInvent model
smi_264,string,,Generated compound index 264 using pre-trained LibInvent model
smi_265,string,,Generated compound index 265 using pre-trained LibInvent model
smi_266,string,,Generated compound index 266 using pre-trained LibInvent model
smi_267,string,,Generated compound index 267 using pre-trained LibInvent model
smi_268,string,,Generated compound index 268 using pre-trained LibInvent model
smi_269,string,,Generated compound index 269 using pre-trained LibInvent model
smi_270,string,,Generated compound index 270 using pre-trained LibInvent model
smi_271,string,,Generated compound index 271 using pre-trained LibInvent model
smi_272,string,,Generated compound index 272 using pre-trained LibInvent model
smi_273,string,,Generated compound index 273 using pre-trained LibInvent model
smi_274,string,,Generated compound index 274 using pre-trained LibInvent model
smi_275,string,,Generated compound index 275 using pre-trained LibInvent model
smi_276,string,,Generated compound index 276 using pre-trained LibInvent model
smi_277,string,,Generated compound index 277 using pre-trained LibInvent model
smi_278,string,,Generated compound index 278 using pre-trained LibInvent model
smi_279,string,,Generated compound index 279 using pre-trained LibInvent model
smi_280,string,,Generated compound index 280 using pre-trained LibInvent model
smi_281,string,,Generated compound index 281 using pre-trained LibInvent model
smi_282,string,,Generated compound index 282 using pre-trained LibInvent model
smi_283,string,,Generated compound index 283 using pre-trained LibInvent model
smi_284,string,,Generated compound index 284 using pre-trained LibInvent model
smi_285,string,,Generated compound index 285 using pre-trained LibInvent model
smi_286,string,,Generated compound index 286 using pre-trained LibInvent model
smi_287,string,,Generated compound index 287 using pre-trained LibInvent model
smi_288,string,,Generated compound index 288 using pre-trained LibInvent model
smi_289,string,,Generated compound index 289 using pre-trained LibInvent model
smi_290,string,,Generated compound index 290 using pre-trained LibInvent model
smi_291,string,,Generated compound index 291 using pre-trained LibInvent model
smi_292,string,,Generated compound index 292 using pre-trained LibInvent model
smi_293,string,,Generated compound index 293 using pre-trained LibInvent model
smi_294,string,,Generated compound index 294 using pre-trained LibInvent model
smi_295,string,,Generated compound index 295 using pre-trained LibInvent model
smi_296,string,,Generated compound index 296 using pre-trained LibInvent model
smi_297,string,,Generated compound index 297 using pre-trained LibInvent model
smi_298,string,,Generated compound index 298 using pre-trained LibInvent model
smi_299,string,,Generated compound index 299 using pre-trained LibInvent model
smi_300,string,,Generated compound index 300 using pre-trained LibInvent model
smi_301,string,,Generated compound index 301 using pre-trained LibInvent model
smi_302,string,,Generated compound index 302 using pre-trained LibInvent model
smi_303,string,,Generated compound index 303 using pre-trained LibInvent model
smi_304,string,,Generated compound index 304 using pre-trained LibInvent model
smi_305,string,,Generated compound index 305 using pre-trained LibInvent model
smi_306,string,,Generated compound index 306 using pre-trained LibInvent model
smi_307,string,,Generated compound index 307 using pre-trained LibInvent model
smi_308,string,,Generated compound index 308 using pre-trained LibInvent model
smi_309,string,,Generated compound index 309 using pre-trained LibInvent model
smi_310,string,,Generated compound index 310 using pre-trained LibInvent model
smi_311,string,,Generated compound index 311 using pre-trained LibInvent model
smi_312,string,,Generated compound index 312 using pre-trained LibInvent model
smi_313,string,,Generated compound index 313 using pre-trained LibInvent model
smi_314,string,,Generated compound index 314 using pre-trained LibInvent model
smi_315,string,,Generated compound index 315 using pre-trained LibInvent model
smi_316,string,,Generated compound index 316 using pre-trained LibInvent model
smi_317,string,,Generated compound index 317 using pre-trained LibInvent model
smi_318,string,,Generated compound index 318 using pre-trained LibInvent model
smi_319,string,,Generated compound index 319 using pre-trained LibInvent model
smi_320,string,,Generated compound index 320 using pre-trained LibInvent model
smi_321,string,,Generated compound index 321 using pre-trained LibInvent model
smi_322,string,,Generated compound index 322 using pre-trained LibInvent model
smi_323,string,,Generated compound index 323 using pre-trained LibInvent model
smi_324,string,,Generated compound index 324 using pre-trained LibInvent model
smi_325,string,,Generated compound index 325 using pre-trained LibInvent model
smi_326,string,,Generated compound index 326 using pre-trained LibInvent model
smi_327,string,,Generated compound index 327 using pre-trained LibInvent model
smi_328,string,,Generated compound index 328 using pre-trained LibInvent model
smi_329,string,,Generated compound index 329 using pre-trained LibInvent model
smi_330,string,,Generated compound index 330 using pre-trained LibInvent model
smi_331,string,,Generated compound index 331 using pre-trained LibInvent model
smi_332,string,,Generated compound index 332 using pre-trained LibInvent model
smi_333,string,,Generated compound index 333 using pre-trained LibInvent model
smi_334,string,,Generated compound index 334 using pre-trained LibInvent model
smi_335,string,,Generated compound index 335 using pre-trained LibInvent model
smi_336,string,,Generated compound index 336 using pre-trained LibInvent model
smi_337,string,,Generated compound index 337 using pre-trained LibInvent model
smi_338,string,,Generated compound index 338 using pre-trained LibInvent model
smi_339,string,,Generated compound index 339 using pre-trained LibInvent model
smi_340,string,,Generated compound index 340 using pre-trained LibInvent model
smi_341,string,,Generated compound index 341 using pre-trained LibInvent model
smi_342,string,,Generated compound index 342 using pre-trained LibInvent model
smi_343,string,,Generated compound index 343 using pre-trained LibInvent model
smi_344,string,,Generated compound index 344 using pre-trained LibInvent model
smi_345,string,,Generated compound index 345 using pre-trained LibInvent model
smi_346,string,,Generated compound index 346 using pre-trained LibInvent model
smi_347,string,,Generated compound index 347 using pre-trained LibInvent model
smi_348,string,,Generated compound index 348 using pre-trained LibInvent model
smi_349,string,,Generated compound index 349 using pre-trained LibInvent model
smi_350,string,,Generated compound index 350 using pre-trained LibInvent model
smi_351,string,,Generated compound index 351 using pre-trained LibInvent model
smi_352,string,,Generated compound index 352 using pre-trained LibInvent model
smi_353,string,,Generated compound index 353 using pre-trained LibInvent model
smi_354,string,,Generated compound index 354 using pre-trained LibInvent model
smi_355,string,,Generated compound index 355 using pre-trained LibInvent model
smi_356,string,,Generated compound index 356 using pre-trained LibInvent model
smi_357,string,,Generated compound index 357 using pre-trained LibInvent model
smi_358,string,,Generated compound index 358 using pre-trained LibInvent model
smi_359,string,,Generated compound index 359 using pre-trained LibInvent model
smi_360,string,,Generated compound index 360 using pre-trained LibInvent model
smi_361,string,,Generated compound index 361 using pre-trained LibInvent model
smi_362,string,,Generated compound index 362 using pre-trained LibInvent model
smi_363,string,,Generated compound index 363 using pre-trained LibInvent model
smi_364,string,,Generated compound index 364 using pre-trained LibInvent model
smi_365,string,,Generated compound index 365 using pre-trained LibInvent model
smi_366,string,,Generated compound index 366 using pre-trained LibInvent model
smi_367,string,,Generated compound index 367 using pre-trained LibInvent model
smi_368,string,,Generated compound index 368 using pre-trained LibInvent model
smi_369,string,,Generated compound index 369 using pre-trained LibInvent model
smi_370,string,,Generated compound index 370 using pre-trained LibInvent model
smi_371,string,,Generated compound index 371 using pre-trained LibInvent model
smi_372,string,,Generated compound index 372 using pre-trained LibInvent model
smi_373,string,,Generated compound index 373 using pre-trained LibInvent model
smi_374,string,,Generated compound index 374 using pre-trained LibInvent model
smi_375,string,,Generated compound index 375 using pre-trained LibInvent model
smi_376,string,,Generated compound index 376 using pre-trained LibInvent model
smi_377,string,,Generated compound index 377 using pre-trained LibInvent model
smi_378,string,,Generated compound index 378 using pre-trained LibInvent model
smi_379,string,,Generated compound index 379 using pre-trained LibInvent model
smi_380,string,,Generated compound index 380 using pre-trained LibInvent model
smi_381,string,,Generated compound index 381 using pre-trained LibInvent model
smi_382,string,,Generated compound index 382 using pre-trained LibInvent model
smi_383,string,,Generated compound index 383 using pre-trained LibInvent model
smi_384,string,,Generated compound index 384 using pre-trained LibInvent model
smi_385,string,,Generated compound index 385 using pre-trained LibInvent model
smi_386,string,,Generated compound index 386 using pre-trained LibInvent model
smi_387,string,,Generated compound index 387 using pre-trained LibInvent model
smi_388,string,,Generated compound index 388 using pre-trained LibInvent model
smi_389,string,,Generated compound index 389 using pre-trained LibInvent model
smi_390,string,,Generated compound index 390 using pre-trained LibInvent model
smi_391,string,,Generated compound index 391 using pre-trained LibInvent model
smi_392,string,,Generated compound index 392 using pre-trained LibInvent model
smi_393,string,,Generated compound index 393 using pre-trained LibInvent model
smi_394,string,,Generated compound index 394 using pre-trained LibInvent model
smi_395,string,,Generated compound index 395 using pre-trained LibInvent model
smi_396,string,,Generated compound index 396 using pre-trained LibInvent model
smi_397,string,,Generated compound index 397 using pre-trained LibInvent model
smi_398,string,,Generated compound index 398 using pre-trained LibInvent model
smi_399,string,,Generated compound index 399 using pre-trained LibInvent model
smi_400,string,,Generated compound index 400 using pre-trained LibInvent model
smi_401,string,,Generated compound index 401 using pre-trained LibInvent model
smi_402,string,,Generated compound index 402 using pre-trained LibInvent model
smi_403,string,,Generated compound index 403 using pre-trained LibInvent model
smi_404,string,,Generated compound index 404 using pre-trained LibInvent model
smi_405,string,,Generated compound index 405 using pre-trained LibInvent model
smi_406,string,,Generated compound index 406 using pre-trained LibInvent model
smi_407,string,,Generated compound index 407 using pre-trained LibInvent model
smi_408,string,,Generated compound index 408 using pre-trained LibInvent model
smi_409,string,,Generated compound index 409 using pre-trained LibInvent model
smi_410,string,,Generated compound index 410 using pre-trained LibInvent model
smi_411,string,,Generated compound index 411 using pre-trained LibInvent model
smi_412,string,,Generated compound index 412 using pre-trained LibInvent model
smi_413,string,,Generated compound index 413 using pre-trained LibInvent model
smi_414,string,,Generated compound index 414 using pre-trained LibInvent model
smi_415,string,,Generated compound index 415 using pre-trained LibInvent model
smi_416,string,,Generated compound index 416 using pre-trained LibInvent model
smi_417,string,,Generated compound index 417 using pre-trained LibInvent model
smi_418,string,,Generated compound index 418 using pre-trained LibInvent model
smi_419,string,,Generated compound index 419 using pre-trained LibInvent model
smi_420,string,,Generated compound index 420 using pre-trained LibInvent model
smi_421,string,,Generated compound index 421 using pre-trained LibInvent model
smi_422,string,,Generated compound index 422 using pre-trained LibInvent model
smi_423,string,,Generated compound index 423 using pre-trained LibInvent model
smi_424,string,,Generated compound index 424 using pre-trained LibInvent model
smi_425,string,,Generated compound index 425 using pre-trained LibInvent model
smi_426,string,,Generated compound index 426 using pre-trained LibInvent model
smi_427,string,,Generated compound index 427 using pre-trained LibInvent model
smi_428,string,,Generated compound index 428 using pre-trained LibInvent model
smi_429,string,,Generated compound index 429 using pre-trained LibInvent model
smi_430,string,,Generated compound index 430 using pre-trained LibInvent model
smi_431,string,,Generated compound index 431 using pre-trained LibInvent model
smi_432,string,,Generated compound index 432 using pre-trained LibInvent model
smi_433,string,,Generated compound index 433 using pre-trained LibInvent model
smi_434,string,,Generated compound index 434 using pre-trained LibInvent model
smi_435,string,,Generated compound index 435 using pre-trained LibInvent model
smi_436,string,,Generated compound index 436 using pre-trained LibInvent model
smi_437,string,,Generated compound index 437 using pre-trained LibInvent model
smi_438,string,,Generated compound index 438 using pre-trained LibInvent model
smi_439,string,,Generated compound index 439 using pre-trained LibInvent model
smi_440,string,,Generated compound index 440 using pre-trained LibInvent model
smi_441,string,,Generated compound index 441 using pre-trained LibInvent model
smi_442,string,,Generated compound index 442 using pre-trained LibInvent model
smi_443,string,,Generated compound index 443 using pre-trained LibInvent model
smi_444,string,,Generated compound index 444 using pre-trained LibInvent model
smi_445,string,,Generated compound index 445 using pre-trained LibInvent model
smi_446,string,,Generated compound index 446 using pre-trained LibInvent model
smi_447,string,,Generated compound index 447 using pre-trained LibInvent model
smi_448,string,,Generated compound index 448 using pre-trained LibInvent model
smi_449,string,,Generated compound index 449 using pre-trained LibInvent model
smi_450,string,,Generated compound index 450 using pre-trained LibInvent model
smi_451,string,,Generated compound index 451 using pre-trained LibInvent model
smi_452,string,,Generated compound index 452 using pre-trained LibInvent model
smi_453,string,,Generated compound index 453 using pre-trained LibInvent model
smi_454,string,,Generated compound index 454 using pre-trained LibInvent model
smi_455,string,,Generated compound index 455 using pre-trained LibInvent model
smi_456,string,,Generated compound index 456 using pre-trained LibInvent model
smi_457,string,,Generated compound index 457 using pre-trained LibInvent model
smi_458,string,,Generated compound index 458 using pre-trained LibInvent model
smi_459,string,,Generated compound index 459 using pre-trained LibInvent model
smi_460,string,,Generated compound index 460 using pre-trained LibInvent model
smi_461,string,,Generated compound index 461 using pre-trained LibInvent model
smi_462,string,,Generated compound index 462 using pre-trained LibInvent model
smi_463,string,,Generated compound index 463 using pre-trained LibInvent model
smi_464,string,,Generated compound index 464 using pre-trained LibInvent model
smi_465,string,,Generated compound index 465 using pre-trained LibInvent model
smi_466,string,,Generated compound index 466 using pre-trained LibInvent model
smi_467,string,,Generated compound index 467 using pre-trained LibInvent model
smi_468,string,,Generated compound index 468 using pre-trained LibInvent model
smi_469,string,,Generated compound index 469 using pre-trained LibInvent model
smi_470,string,,Generated compound index 470 using pre-trained LibInvent model
smi_471,string,,Generated compound index 471 using pre-trained LibInvent model
smi_472,string,,Generated compound index 472 using pre-trained LibInvent model
smi_473,string,,Generated compound index 473 using pre-trained LibInvent model
smi_474,string,,Generated compound index 474 using pre-trained LibInvent model
smi_475,string,,Generated compound index 475 using pre-trained LibInvent model
smi_476,string,,Generated compound index 476 using pre-trained LibInvent model
smi_477,string,,Generated compound index 477 using pre-trained LibInvent model
smi_478,string,,Generated compound index 478 using pre-trained LibInvent model
smi_479,string,,Generated compound index 479 using pre-trained LibInvent model
smi_480,string,,Generated compound index 480 using pre-trained LibInvent model
smi_481,string,,Generated compound index 481 using pre-trained LibInvent model
smi_482,string,,Generated compound index 482 using pre-trained LibInvent model
smi_483,string,,Generated compound index 483 using pre-trained LibInvent model
smi_484,string,,Generated compound index 484 using pre-trained LibInvent model
smi_485,string,,Generated compound index 485 using pre-trained LibInvent model
smi_486,string,,Generated compound index 486 using pre-trained LibInvent model
smi_487,string,,Generated compound index 487 using pre-trained LibInvent model
smi_488,string,,Generated compound index 488 using pre-trained LibInvent model
smi_489,string,,Generated compound index 489 using pre-trained LibInvent model
smi_490,string,,Generated compound index 490 using pre-trained LibInvent model
smi_491,string,,Generated compound index 491 using pre-trained LibInvent model
smi_492,string,,Generated compound index 492 using pre-trained LibInvent model
smi_493,string,,Generated compound index 493 using pre-trained LibInvent model
smi_494,string,,Generated compound index 494 using pre-trained LibInvent model
smi_495,string,,Generated compound index 495 using pre-trained LibInvent model
smi_496,string,,Generated compound index 496 using pre-trained LibInvent model
smi_497,string,,Generated compound index 497 using pre-trained LibInvent model
smi_498,string,,Generated compound index 498 using pre-trained LibInvent model
smi_499,string,,Generated compound index 499 using pre-trained LibInvent model
smi_500,string,,Generated compound index 500 using pre-trained LibInvent model
smi_501,string,,Generated compound index 501 using pre-trained LibInvent model
smi_502,string,,Generated compound index 502 using pre-trained LibInvent model
smi_503,string,,Generated compound index 503 using pre-trained LibInvent model
smi_504,string,,Generated compound index 504 using pre-trained LibInvent model
smi_505,string,,Generated compound index 505 using pre-trained LibInvent model
smi_506,string,,Generated compound index 506 using pre-trained LibInvent model
smi_507,string,,Generated compound index 507 using pre-trained LibInvent model
smi_508,string,,Generated compound index 508 using pre-trained LibInvent model
smi_509,string,,Generated compound index 509 using pre-trained LibInvent model
smi_510,string,,Generated compound index 510 using pre-trained LibInvent model
smi_511,string,,Generated compound index 511 using pre-trained LibInvent model
smi_512,string,,Generated compound index 512 using pre-trained LibInvent model
smi_513,string,,Generated compound index 513 using pre-trained LibInvent model
smi_514,string,,Generated compound index 514 using pre-trained LibInvent model
smi_515,string,,Generated compound index 515 using pre-trained LibInvent model
smi_516,string,,Generated compound index 516 using pre-trained LibInvent model
smi_517,string,,Generated compound index 517 using pre-trained LibInvent model
smi_518,string,,Generated compound index 518 using pre-trained LibInvent model
smi_519,string,,Generated compound index 519 using pre-trained LibInvent model
smi_520,string,,Generated compound index 520 using pre-trained LibInvent model
smi_521,string,,Generated compound index 521 using pre-trained LibInvent model
smi_522,string,,Generated compound index 522 using pre-trained LibInvent model
smi_523,string,,Generated compound index 523 using pre-trained LibInvent model
smi_524,string,,Generated compound index 524 using pre-trained LibInvent model
smi_525,string,,Generated compound index 525 using pre-trained LibInvent model
smi_526,string,,Generated compound index 526 using pre-trained LibInvent model
smi_527,string,,Generated compound index 527 using pre-trained LibInvent model
smi_528,string,,Generated compound index 528 using pre-trained LibInvent model
smi_529,string,,Generated compound index 529 using pre-trained LibInvent model
smi_530,string,,Generated compound index 530 using pre-trained LibInvent model
smi_531,string,,Generated compound index 531 using pre-trained LibInvent model
smi_532,string,,Generated compound index 532 using pre-trained LibInvent model
smi_533,string,,Generated compound index 533 using pre-trained LibInvent model
smi_534,string,,Generated compound index 534 using pre-trained LibInvent model
smi_535,string,,Generated compound index 535 using pre-trained LibInvent model
smi_536,string,,Generated compound index 536 using pre-trained LibInvent model
smi_537,string,,Generated compound index 537 using pre-trained LibInvent model
smi_538,string,,Generated compound index 538 using pre-trained LibInvent model
smi_539,string,,Generated compound index 539 using pre-trained LibInvent model
smi_540,string,,Generated compound index 540 using pre-trained LibInvent model
smi_541,string,,Generated compound index 541 using pre-trained LibInvent model
smi_542,string,,Generated compound index 542 using pre-trained LibInvent model
smi_543,string,,Generated compound index 543 using pre-trained LibInvent model
smi_544,string,,Generated compound index 544 using pre-trained LibInvent model
smi_545,string,,Generated compound index 545 using pre-trained LibInvent model
smi_546,string,,Generated compound index 546 using pre-trained LibInvent model
smi_547,string,,Generated compound index 547 using pre-trained LibInvent model
smi_548,string,,Generated compound index 548 using pre-trained LibInvent model
smi_549,string,,Generated compound index 549 using pre-trained LibInvent model
smi_550,string,,Generated compound index 550 using pre-trained LibInvent model
smi_551,string,,Generated compound index 551 using pre-trained LibInvent model
smi_552,string,,Generated compound index 552 using pre-trained LibInvent model
smi_553,string,,Generated compound index 553 using pre-trained LibInvent model
smi_554,string,,Generated compound index 554 using pre-trained LibInvent model
smi_555,string,,Generated compound index 555 using pre-trained LibInvent model
smi_556,string,,Generated compound index 556 using pre-trained LibInvent model
smi_557,string,,Generated compound index 557 using pre-trained LibInvent model
smi_558,string,,Generated compound index 558 using pre-trained LibInvent model
smi_559,string,,Generated compound index 559 using pre-trained LibInvent model
smi_560,string,,Generated compound index 560 using pre-trained LibInvent model
smi_561,string,,Generated compound index 561 using pre-trained LibInvent model
smi_562,string,,Generated compound index 562 using pre-trained LibInvent model
smi_563,string,,Generated compound index 563 using pre-trained LibInvent model
smi_564,string,,Generated compound index 564 using pre-trained LibInvent model
smi_565,string,,Generated compound index 565 using pre-trained LibInvent model
smi_566,string,,Generated compound index 566 using pre-trained LibInvent model
smi_567,string,,Generated compound index 567 using pre-trained LibInvent model
smi_568,string,,Generated compound index 568 using pre-trained LibInvent model
smi_569,string,,Generated compound index 569 using pre-trained LibInvent model
smi_570,string,,Generated compound index 570 using pre-trained LibInvent model
smi_571,string,,Generated compound index 571 using pre-trained LibInvent model
smi_572,string,,Generated compound index 572 using pre-trained LibInvent model
smi_573,string,,Generated compound index 573 using pre-trained LibInvent model
smi_574,string,,Generated compound index 574 using pre-trained LibInvent model
smi_575,string,,Generated compound index 575 using pre-trained LibInvent model
smi_576,string,,Generated compound index 576 using pre-trained LibInvent model
smi_577,string,,Generated compound index 577 using pre-trained LibInvent model
smi_578,string,,Generated compound index 578 using pre-trained LibInvent model
smi_579,string,,Generated compound index 579 using pre-trained LibInvent model
smi_580,string,,Generated compound index 580 using pre-trained LibInvent model
smi_581,string,,Generated compound index 581 using pre-trained LibInvent model
smi_582,string,,Generated compound index 582 using pre-trained LibInvent model
smi_583,string,,Generated compound index 583 using pre-trained LibInvent model
smi_584,string,,Generated compound index 584 using pre-trained LibInvent model
smi_585,string,,Generated compound index 585 using pre-trained LibInvent model
smi_586,string,,Generated compound index 586 using pre-trained LibInvent model
smi_587,string,,Generated compound index 587 using pre-trained LibInvent model
smi_588,string,,Generated compound index 588 using pre-trained LibInvent model
smi_589,string,,Generated compound index 589 using pre-trained LibInvent model
smi_590,string,,Generated compound index 590 using pre-trained LibInvent model
smi_591,string,,Generated compound index 591 using pre-trained LibInvent model
smi_592,string,,Generated compound index 592 using pre-trained LibInvent model
smi_593,string,,Generated compound index 593 using pre-trained LibInvent model
smi_594,string,,Generated compound index 594 using pre-trained LibInvent model
smi_595,string,,Generated compound index 595 using pre-trained LibInvent model
smi_596,string,,Generated compound index 596 using pre-trained LibInvent model
smi_597,string,,Generated compound index 597 using pre-trained LibInvent model
smi_598,string,,Generated compound index 598 using pre-trained LibInvent model
smi_599,string,,Generated compound index 599 using pre-trained LibInvent model
smi_600,string,,Generated compound index 600 using pre-trained LibInvent model
smi_601,string,,Generated compound index 601 using pre-trained LibInvent model
smi_602,string,,Generated compound index 602 using pre-trained LibInvent model
smi_603,string,,Generated compound index 603 using pre-trained LibInvent model
smi_604,string,,Generated compound index 604 using pre-trained LibInvent model
smi_605,string,,Generated compound index 605 using pre-trained LibInvent model
smi_606,string,,Generated compound index 606 using pre-trained LibInvent model
smi_607,string,,Generated compound index 607 using pre-trained LibInvent model
smi_608,string,,Generated compound index 608 using pre-trained LibInvent model
smi_609,string,,Generated compound index 609 using pre-trained LibInvent model
smi_610,string,,Generated compound index 610 using pre-trained LibInvent model
smi_611,string,,Generated compound index 611 using pre-trained LibInvent model
smi_612,string,,Generated compound index 612 using pre-trained LibInvent model
smi_613,string,,Generated compound index 613 using pre-trained LibInvent model
smi_614,string,,Generated compound index 614 using pre-trained LibInvent model
smi_615,string,,Generated compound index 615 using pre-trained LibInvent model
smi_616,string,,Generated compound index 616 using pre-trained LibInvent model
smi_617,string,,Generated compound index 617 using pre-trained LibInvent model
smi_618,string,,Generated compound index 618 using pre-trained LibInvent model
smi_619,string,,Generated compound index 619 using pre-trained LibInvent model
smi_620,string,,Generated compound index 620 using pre-trained LibInvent model
smi_621,string,,Generated compound index 621 using pre-trained LibInvent model
smi_622,string,,Generated compound index 622 using pre-trained LibInvent model
smi_623,string,,Generated compound index 623 using pre-trained LibInvent model
smi_624,string,,Generated compound index 624 using pre-trained LibInvent model
smi_625,string,,Generated compound index 625 using pre-trained LibInvent model
smi_626,string,,Generated compound index 626 using pre-trained LibInvent model
smi_627,string,,Generated compound index 627 using pre-trained LibInvent model
smi_628,string,,Generated compound index 628 using pre-trained LibInvent model
smi_629,string,,Generated compound index 629 using pre-trained LibInvent model
smi_630,string,,Generated compound index 630 using pre-trained LibInvent model
smi_631,string,,Generated compound index 631 using pre-trained LibInvent model
smi_632,string,,Generated compound index 632 using pre-trained LibInvent model
smi_633,string,,Generated compound index 633 using pre-trained LibInvent model
smi_634,string,,Generated compound index 634 using pre-trained LibInvent model
smi_635,string,,Generated compound index 635 using pre-trained LibInvent model
smi_636,string,,Generated compound index 636 using pre-trained LibInvent model
smi_637,string,,Generated compound index 637 using pre-trained LibInvent model
smi_638,string,,Generated compound index 638 using pre-trained LibInvent model
smi_639,string,,Generated compound index 639 using pre-trained LibInvent model
smi_640,string,,Generated compound index 640 using pre-trained LibInvent model
smi_641,string,,Generated compound index 641 using pre-trained LibInvent model
smi_642,string,,Generated compound index 642 using pre-trained LibInvent model
smi_643,string,,Generated compound index 643 using pre-trained LibInvent model
smi_644,string,,Generated compound index 644 using pre-trained LibInvent model
smi_645,string,,Generated compound index 645 using pre-trained LibInvent model
smi_646,string,,Generated compound index 646 using pre-trained LibInvent model
smi_647,string,,Generated compound index 647 using pre-trained LibInvent model
smi_648,string,,Generated compound index 648 using pre-trained LibInvent model
smi_649,string,,Generated compound index 649 using pre-trained LibInvent model
smi_650,string,,Generated compound index 650 using pre-trained LibInvent model
smi_651,string,,Generated compound index 651 using pre-trained LibInvent model
smi_652,string,,Generated compound index 652 using pre-trained LibInvent model
smi_653,string,,Generated compound index 653 using pre-trained LibInvent model
smi_654,string,,Generated compound index 654 using pre-trained LibInvent model
smi_655,string,,Generated compound index 655 using pre-trained LibInvent model
smi_656,string,,Generated compound index 656 using pre-trained LibInvent model
smi_657,string,,Generated compound index 657 using pre-trained LibInvent model
smi_658,string,,Generated compound index 658 using pre-trained LibInvent model
smi_659,string,,Generated compound index 659 using pre-trained LibInvent model
smi_660,string,,Generated compound index 660 using pre-trained LibInvent model
smi_661,string,,Generated compound index 661 using pre-trained LibInvent model
smi_662,string,,Generated compound index 662 using pre-trained LibInvent model
smi_663,string,,Generated compound index 663 using pre-trained LibInvent model
smi_664,string,,Generated compound index 664 using pre-trained LibInvent model
smi_665,string,,Generated compound index 665 using pre-trained LibInvent model
smi_666,string,,Generated compound index 666 using pre-trained LibInvent model
smi_667,string,,Generated compound index 667 using pre-trained LibInvent model
smi_668,string,,Generated compound index 668 using pre-trained LibInvent model
smi_669,string,,Generated compound index 669 using pre-trained LibInvent model
smi_670,string,,Generated compound index 670 using pre-trained LibInvent model
smi_671,string,,Generated compound index 671 using pre-trained LibInvent model
smi_672,string,,Generated compound index 672 using pre-trained LibInvent model
smi_673,string,,Generated compound index 673 using pre-trained LibInvent model
smi_674,string,,Generated compound index 674 using pre-trained LibInvent model
smi_675,string,,Generated compound index 675 using pre-trained LibInvent model
smi_676,string,,Generated compound index 676 using pre-trained LibInvent model
smi_677,string,,Generated compound index 677 using pre-trained LibInvent model
smi_678,string,,Generated compound index 678 using pre-trained LibInvent model
smi_679,string,,Generated compound index 679 using pre-trained LibInvent model
smi_680,string,,Generated compound index 680 using pre-trained LibInvent model
smi_681,string,,Generated compound index 681 using pre-trained LibInvent model
smi_682,string,,Generated compound index 682 using pre-trained LibInvent model
smi_683,string,,Generated compound index 683 using pre-trained LibInvent model
smi_684,string,,Generated compound index 684 using pre-trained LibInvent model
smi_685,string,,Generated compound index 685 using pre-trained LibInvent model
smi_686,string,,Generated compound index 686 using pre-trained LibInvent model
smi_687,string,,Generated compound index 687 using pre-trained LibInvent model
smi_688,string,,Generated compound index 688 using pre-trained LibInvent model
smi_689,string,,Generated compound index 689 using pre-trained LibInvent model
smi_690,string,,Generated compound index 690 using pre-trained LibInvent model
smi_691,string,,Generated compound index 691 using pre-trained LibInvent model
smi_692,string,,Generated compound index 692 using pre-trained LibInvent model
smi_693,string,,Generated compound index 693 using pre-trained LibInvent model
smi_694,string,,Generated compound index 694 using pre-trained LibInvent model
smi_695,string,,Generated compound index 695 using pre-trained LibInvent model
smi_696,string,,Generated compound index 696 using pre-trained LibInvent model
smi_697,string,,Generated compound index 697 using pre-trained LibInvent model
smi_698,string,,Generated compound index 698 using pre-trained LibInvent model
smi_699,string,,Generated compound index 699 using pre-trained LibInvent model
smi_700,string,,Generated compound index 700 using pre-trained LibInvent model
smi_701,string,,Generated compound index 701 using pre-trained LibInvent model
smi_702,string,,Generated compound index 702 using pre-trained LibInvent model
smi_703,string,,Generated compound index 703 using pre-trained LibInvent model
smi_704,string,,Generated compound index 704 using pre-trained LibInvent model
smi_705,string,,Generated compound index 705 using pre-trained LibInvent model
smi_706,string,,Generated compound index 706 using pre-trained LibInvent model
smi_707,string,,Generated compound index 707 using pre-trained LibInvent model
smi_708,string,,Generated compound index 708 using pre-trained LibInvent model
smi_709,string,,Generated compound index 709 using pre-trained LibInvent model
smi_710,string,,Generated compound index 710 using pre-trained LibInvent model
smi_711,string,,Generated compound index 711 using pre-trained LibInvent model
smi_712,string,,Generated compound index 712 using pre-trained LibInvent model
smi_713,string,,Generated compound index 713 using pre-trained LibInvent model
smi_714,string,,Generated compound index 714 using pre-trained LibInvent model
smi_715,string,,Generated compound index 715 using pre-trained LibInvent model
smi_716,string,,Generated compound index 716 using pre-trained LibInvent model
smi_717,string,,Generated compound index 717 using pre-trained LibInvent model
smi_718,string,,Generated compound index 718 using pre-trained LibInvent model
smi_719,string,,Generated compound index 719 using pre-trained LibInvent model
smi_720,string,,Generated compound index 720 using pre-trained LibInvent model
smi_721,string,,Generated compound index 721 using pre-trained LibInvent model
smi_722,string,,Generated compound index 722 using pre-trained LibInvent model
smi_723,string,,Generated compound index 723 using pre-trained LibInvent model
smi_724,string,,Generated compound index 724 using pre-trained LibInvent model
smi_725,string,,Generated compound index 725 using pre-trained LibInvent model
smi_726,string,,Generated compound index 726 using pre-trained LibInvent model
smi_727,string,,Generated compound index 727 using pre-trained LibInvent model
smi_728,string,,Generated compound index 728 using pre-trained LibInvent model
smi_729,string,,Generated compound index 729 using pre-trained LibInvent model
smi_730,string,,Generated compound index 730 using pre-trained LibInvent model
smi_731,string,,Generated compound index 731 using pre-trained LibInvent model
smi_732,string,,Generated compound index 732 using pre-trained LibInvent model
smi_733,string,,Generated compound index 733 using pre-trained LibInvent model
smi_734,string,,Generated compound index 734 using pre-trained LibInvent model
smi_735,string,,Generated compound index 735 using pre-trained LibInvent model
smi_736,string,,Generated compound index 736 using pre-trained LibInvent model
smi_737,string,,Generated compound index 737 using pre-trained LibInvent model
smi_738,string,,Generated compound index 738 using pre-trained LibInvent model
smi_739,string,,Generated compound index 739 using pre-trained LibInvent model
smi_740,string,,Generated compound index 740 using pre-trained LibInvent model
smi_741,string,,Generated compound index 741 using pre-trained LibInvent model
smi_742,string,,Generated compound index 742 using pre-trained LibInvent model
smi_743,string,,Generated compound index 743 using pre-trained LibInvent model
smi_744,string,,Generated compound index 744 using pre-trained LibInvent model
smi_745,string,,Generated compound index 745 using pre-trained LibInvent model
smi_746,string,,Generated compound index 746 using pre-trained LibInvent model
smi_747,string,,Generated compound index 747 using pre-trained LibInvent model
smi_748,string,,Generated compound index 748 using pre-trained LibInvent model
smi_749,string,,Generated compound index 749 using pre-trained LibInvent model
smi_750,string,,Generated compound index 750 using pre-trained LibInvent model
smi_751,string,,Generated compound index 751 using pre-trained LibInvent model
smi_752,string,,Generated compound index 752 using pre-trained LibInvent model
smi_753,string,,Generated compound index 753 using pre-trained LibInvent model
smi_754,string,,Generated compound index 754 using pre-trained LibInvent model
smi_755,string,,Generated compound index 755 using pre-trained LibInvent model
smi_756,string,,Generated compound index 756 using pre-trained LibInvent model
smi_757,string,,Generated compound index 757 using pre-trained LibInvent model
smi_758,string,,Generated compound index 758 using pre-trained LibInvent model
smi_759,string,,Generated compound index 759 using pre-trained LibInvent model
smi_760,string,,Generated compound index 760 using pre-trained LibInvent model
smi_761,string,,Generated compound index 761 using pre-trained LibInvent model
smi_762,string,,Generated compound index 762 using pre-trained LibInvent model
smi_763,string,,Generated compound index 763 using pre-trained LibInvent model
smi_764,string,,Generated compound index 764 using pre-trained LibInvent model
smi_765,string,,Generated compound index 765 using pre-trained LibInvent model
smi_766,string,,Generated compound index 766 using pre-trained LibInvent model
smi_767,string,,Generated compound index 767 using pre-trained LibInvent model
smi_768,string,,Generated compound index 768 using pre-trained LibInvent model
smi_769,string,,Generated compound index 769 using pre-trained LibInvent model
smi_770,string,,Generated compound index 770 using pre-trained LibInvent model
smi_771,string,,Generated compound index 771 using pre-trained LibInvent model
smi_772,string,,Generated compound index 772 using pre-trained LibInvent model
smi_773,string,,Generated compound index 773 using pre-trained LibInvent model
smi_774,string,,Generated compound index 774 using pre-trained LibInvent model
smi_775,string,,Generated compound index 775 using pre-trained LibInvent model
smi_776,string,,Generated compound index 776 using pre-trained LibInvent model
smi_777,string,,Generated compound index 777 using pre-trained LibInvent model
smi_778,string,,Generated compound index 778 using pre-trained LibInvent model
smi_779,string,,Generated compound index 779 using pre-trained LibInvent model
smi_780,string,,Generated compound index 780 using pre-trained LibInvent model
smi_781,string,,Generated compound index 781 using pre-trained LibInvent model
smi_782,string,,Generated compound index 782 using pre-trained LibInvent model
smi_783,string,,Generated compound index 783 using pre-trained LibInvent model
smi_784,string,,Generated compound index 784 using pre-trained LibInvent model
smi_785,string,,Generated compound index 785 using pre-trained LibInvent model
smi_786,string,,Generated compound index 786 using pre-trained LibInvent model
smi_787,string,,Generated compound index 787 using pre-trained LibInvent model
smi_788,string,,Generated compound index 788 using pre-trained LibInvent model
smi_789,string,,Generated compound index 789 using pre-trained LibInvent model
smi_790,string,,Generated compound index 790 using pre-trained LibInvent model
smi_791,string,,Generated compound index 791 using pre-trained LibInvent model
smi_792,string,,Generated compound index 792 using pre-trained LibInvent model
smi_793,string,,Generated compound index 793 using pre-trained LibInvent model
smi_794,string,,Generated compound index 794 using pre-trained LibInvent model
smi_795,string,,Generated compound index 795 using pre-trained LibInvent model
smi_796,string,,Generated compound index 796 using pre-trained LibInvent model
smi_797,string,,Generated compound index 797 using pre-trained LibInvent model
smi_798,string,,Generated compound index 798 using pre-trained LibInvent model
smi_799,string,,Generated compound index 799 using pre-trained LibInvent model
smi_800,string,,Generated compound index 800 using pre-trained LibInvent model
smi_801,string,,Generated compound index 801 using pre-trained LibInvent model
smi_802,string,,Generated compound index 802 using pre-trained LibInvent model
smi_803,string,,Generated compound index 803 using pre-trained LibInvent model
smi_804,string,,Generated compound index 804 using pre-trained LibInvent model
smi_805,string,,Generated compound index 805 using pre-trained LibInvent model
smi_806,string,,Generated compound index 806 using pre-trained LibInvent model
smi_807,string,,Generated compound index 807 using pre-trained LibInvent model
smi_808,string,,Generated compound index 808 using pre-trained LibInvent model
smi_809,string,,Generated compound index 809 using pre-trained LibInvent model
smi_810,string,,Generated compound index 810 using pre-trained LibInvent model
smi_811,string,,Generated compound index 811 using pre-trained LibInvent model
smi_812,string,,Generated compound index 812 using pre-trained LibInvent model
smi_813,string,,Generated compound index 813 using pre-trained LibInvent model
smi_814,string,,Generated compound index 814 using pre-trained LibInvent model
smi_815,string,,Generated compound index 815 using pre-trained LibInvent model
smi_816,string,,Generated compound index 816 using pre-trained LibInvent model
smi_817,string,,Generated compound index 817 using pre-trained LibInvent model
smi_818,string,,Generated compound index 818 using pre-trained LibInvent model
smi_819,string,,Generated compound index 819 using pre-trained LibInvent model
smi_820,string,,Generated compound index 820 using pre-trained LibInvent model
smi_821,string,,Generated compound index 821 using pre-trained LibInvent model
smi_822,string,,Generated compound index 822 using pre-trained LibInvent model
smi_823,string,,Generated compound index 823 using pre-trained LibInvent model
smi_824,string,,Generated compound index 824 using pre-trained LibInvent model
smi_825,string,,Generated compound index 825 using pre-trained LibInvent model
smi_826,string,,Generated compound index 826 using pre-trained LibInvent model
smi_827,string,,Generated compound index 827 using pre-trained LibInvent model
smi_828,string,,Generated compound index 828 using pre-trained LibInvent model
smi_829,string,,Generated compound index 829 using pre-trained LibInvent model
smi_830,string,,Generated compound index 830 using pre-trained LibInvent model
smi_831,string,,Generated compound index 831 using pre-trained LibInvent model
smi_832,string,,Generated compound index 832 using pre-trained LibInvent model
smi_833,string,,Generated compound index 833 using pre-trained LibInvent model
smi_834,string,,Generated compound index 834 using pre-trained LibInvent model
smi_835,string,,Generated compound index 835 using pre-trained LibInvent model
smi_836,string,,Generated compound index 836 using pre-trained LibInvent model
smi_837,string,,Generated compound index 837 using pre-trained LibInvent model
smi_838,string,,Generated compound index 838 using pre-trained LibInvent model
smi_839,string,,Generated compound index 839 using pre-trained LibInvent model
smi_840,string,,Generated compound index 840 using pre-trained LibInvent model
smi_841,string,,Generated compound index 841 using pre-trained LibInvent model
smi_842,string,,Generated compound index 842 using pre-trained LibInvent model
smi_843,string,,Generated compound index 843 using pre-trained LibInvent model
smi_844,string,,Generated compound index 844 using pre-trained LibInvent model
smi_845,string,,Generated compound index 845 using pre-trained LibInvent model
smi_846,string,,Generated compound index 846 using pre-trained LibInvent model
smi_847,string,,Generated compound index 847 using pre-trained LibInvent model
smi_848,string,,Generated compound index 848 using pre-trained LibInvent model
smi_849,string,,Generated compound index 849 using pre-trained LibInvent model
smi_850,string,,Generated compound index 850 using pre-trained LibInvent model
smi_851,string,,Generated compound index 851 using pre-trained LibInvent model
smi_852,string,,Generated compound index 852 using pre-trained LibInvent model
smi_853,string,,Generated compound index 853 using pre-trained LibInvent model
smi_854,string,,Generated compound index 854 using pre-trained LibInvent model
smi_855,string,,Generated compound index 855 using pre-trained LibInvent model
smi_856,string,,Generated compound index 856 using pre-trained LibInvent model
smi_857,string,,Generated compound index 857 using pre-trained LibInvent model
smi_858,string,,Generated compound index 858 using pre-trained LibInvent model
smi_859,string,,Generated compound index 859 using pre-trained LibInvent model
smi_860,string,,Generated compound index 860 using pre-trained LibInvent model
smi_861,string,,Generated compound index 861 using pre-trained LibInvent model
smi_862,string,,Generated compound index 862 using pre-trained LibInvent model
smi_863,string,,Generated compound index 863 using pre-trained LibInvent model
smi_864,string,,Generated compound index 864 using pre-trained LibInvent model
smi_865,string,,Generated compound index 865 using pre-trained LibInvent model
smi_866,string,,Generated compound index 866 using pre-trained LibInvent model
smi_867,string,,Generated compound index 867 using pre-trained LibInvent model
smi_868,string,,Generated compound index 868 using pre-trained LibInvent model
smi_869,string,,Generated compound index 869 using pre-trained LibInvent model
smi_870,string,,Generated compound index 870 using pre-trained LibInvent model
smi_871,string,,Generated compound index 871 using pre-trained LibInvent model
smi_872,string,,Generated compound index 872 using pre-trained LibInvent model
smi_873,string,,Generated compound index 873 using pre-trained LibInvent model
smi_874,string,,Generated compound index 874 using pre-trained LibInvent model
smi_875,string,,Generated compound index 875 using pre-trained LibInvent model
smi_876,string,,Generated compound index 876 using pre-trained LibInvent model
smi_877,string,,Generated compound index 877 using pre-trained LibInvent model
smi_878,string,,Generated compound index 878 using pre-trained LibInvent model
smi_879,string,,Generated compound index 879 using pre-trained LibInvent model
smi_880,string,,Generated compound index 880 using pre-trained LibInvent model
smi_881,string,,Generated compound index 881 using pre-trained LibInvent model
smi_882,string,,Generated compound index 882 using pre-trained LibInvent model
smi_883,string,,Generated compound index 883 using pre-trained LibInvent model
smi_884,string,,Generated compound index 884 using pre-trained LibInvent model
smi_885,string,,Generated compound index 885 using pre-trained LibInvent model
smi_886,string,,Generated compound index 886 using pre-trained LibInvent model
smi_887,string,,Generated compound index 887 using pre-trained LibInvent model
smi_888,string,,Generated compound index 888 using pre-trained LibInvent model
smi_889,string,,Generated compound index 889 using pre-trained LibInvent model
smi_890,string,,Generated compound index 890 using pre-trained LibInvent model
smi_891,string,,Generated compound index 891 using pre-trained LibInvent model
smi_892,string,,Generated compound index 892 using pre-trained LibInvent model
smi_893,string,,Generated compound index 893 using pre-trained LibInvent model
smi_894,string,,Generated compound index 894 using pre-trained LibInvent model
smi_895,string,,Generated compound index 895 using pre-trained LibInvent model
smi_896,string,,Generated compound index 896 using pre-trained LibInvent model
smi_897,string,,Generated compound index 897 using pre-trained LibInvent model
smi_898,string,,Generated compound index 898 using pre-trained LibInvent model
smi_899,string,,Generated compound index 899 using pre-trained LibInvent model
smi_900,string,,Generated compound index 900 using pre-trained LibInvent model
smi_901,string,,Generated compound index 901 using pre-trained LibInvent model
smi_902,string,,Generated compound index 902 using pre-trained LibInvent model
smi_903,string,,Generated compound index 903 using pre-trained LibInvent model
smi_904,string,,Generated compound index 904 using pre-trained LibInvent model
smi_905,string,,Generated compound index 905 using pre-trained LibInvent model
smi_906,string,,Generated compound index 906 using pre-trained LibInvent model
smi_907,string,,Generated compound index 907 using pre-trained LibInvent model
smi_908,string,,Generated compound index 908 using pre-trained LibInvent model
smi_909,string,,Generated compound index 909 using pre-trained LibInvent model
smi_910,string,,Generated compound index 910 using pre-trained LibInvent model
smi_911,string,,Generated compound index 911 using pre-trained LibInvent model
smi_912,string,,Generated compound index 912 using pre-trained LibInvent model
smi_913,string,,Generated compound index 913 using pre-trained LibInvent model
smi_914,string,,Generated compound index 914 using pre-trained LibInvent model
smi_915,string,,Generated compound index 915 using pre-trained LibInvent model
smi_916,string,,Generated compound index 916 using pre-trained LibInvent model
smi_917,string,,Generated compound index 917 using pre-trained LibInvent model
smi_918,string,,Generated compound index 918 using pre-trained LibInvent model
smi_919,string,,Generated compound index 919 using pre-trained LibInvent model
smi_920,string,,Generated compound index 920 using pre-trained LibInvent model
smi_921,string,,Generated compound index 921 using pre-trained LibInvent model
smi_922,string,,Generated compound index 922 using pre-trained LibInvent model
smi_923,string,,Generated compound index 923 using pre-trained LibInvent model
smi_924,string,,Generated compound index 924 using pre-trained LibInvent model
smi_925,string,,Generated compound index 925 using pre-trained LibInvent model
smi_926,string,,Generated compound index 926 using pre-trained LibInvent model
smi_927,string,,Generated compound index 927 using pre-trained LibInvent model
smi_928,string,,Generated compound index 928 using pre-trained LibInvent model
smi_929,string,,Generated compound index 929 using pre-trained LibInvent model
smi_930,string,,Generated compound index 930 using pre-trained LibInvent model
smi_931,string,,Generated compound index 931 using pre-trained LibInvent model
smi_932,string,,Generated compound index 932 using pre-trained LibInvent model
smi_933,string,,Generated compound index 933 using pre-trained LibInvent model
smi_934,string,,Generated compound index 934 using pre-trained LibInvent model
smi_935,string,,Generated compound index 935 using pre-trained LibInvent model
smi_936,string,,Generated compound index 936 using pre-trained LibInvent model
smi_937,string,,Generated compound index 937 using pre-trained LibInvent model
smi_938,string,,Generated compound index 938 using pre-trained LibInvent model
smi_939,string,,Generated compound index 939 using pre-trained LibInvent model
smi_940,string,,Generated compound index 940 using pre-trained LibInvent model
smi_941,string,,Generated compound index 941 using pre-trained LibInvent model
smi_942,string,,Generated compound index 942 using pre-trained LibInvent model
smi_943,string,,Generated compound index 943 using pre-trained LibInvent model
smi_944,string,,Generated compound index 944 using pre-trained LibInvent model
smi_945,string,,Generated compound index 945 using pre-trained LibInvent model
smi_946,string,,Generated compound index 946 using pre-trained LibInvent model
smi_947,string,,Generated compound index 947 using pre-trained LibInvent model
smi_948,string,,Generated compound index 948 using pre-trained LibInvent model
smi_949,string,,Generated compound index 949 using pre-trained LibInvent model
smi_950,string,,Generated compound index 950 using pre-trained LibInvent model
smi_951,string,,Generated compound index 951 using pre-trained LibInvent model
smi_952,string,,Generated compound index 952 using pre-trained LibInvent model
smi_953,string,,Generated compound index 953 using pre-trained LibInvent model
smi_954,string,,Generated compound index 954 using pre-trained LibInvent model
smi_955,string,,Generated compound index 955 using pre-trained LibInvent model
smi_956,string,,Generated compound index 956 using pre-trained LibInvent model
smi_957,string,,Generated compound index 957 using pre-trained LibInvent model
smi_958,string,,Generated compound index 958 using pre-trained LibInvent model
smi_959,string,,Generated compound index 959 using pre-trained LibInvent model
smi_960,string,,Generated compound index 960 using pre-trained LibInvent model
smi_961,string,,Generated compound index 961 using pre-trained LibInvent model
smi_962,string,,Generated compound index 962 using pre-trained LibInvent model
smi_963,string,,Generated compound index 963 using pre-trained LibInvent model
smi_964,string,,Generated compound index 964 using pre-trained LibInvent model
smi_965,string,,Generated compound index 965 using pre-trained LibInvent model
smi_966,string,,Generated compound index 966 using pre-trained LibInvent model
smi_967,string,,Generated compound index 967 using pre-trained LibInvent model
smi_968,string,,Generated compound index 968 using pre-trained LibInvent model
smi_969,string,,Generated compound index 969 using pre-trained LibInvent model
smi_970,string,,Generated compound index 970 using pre-trained LibInvent model
smi_971,string,,Generated compound index 971 using pre-trained LibInvent model
smi_972,string,,Generated compound index 972 using pre-trained LibInvent model
smi_973,string,,Generated compound index 973 using pre-trained LibInvent model
smi_974,string,,Generated compound index 974 using pre-trained LibInvent model
smi_975,string,,Generated compound index 975 using pre-trained LibInvent model
smi_976,string,,Generated compound index 976 using pre-trained LibInvent model
smi_977,string,,Generated compound index 977 using pre-trained LibInvent model
smi_978,string,,Generated compound index 978 using pre-trained LibInvent model
smi_979,string,,Generated compound index 979 using pre-trained LibInvent model
smi_980,string,,Generated compound index 980 using pre-trained LibInvent model
smi_981,string,,Generated compound index 981 using pre-trained LibInvent model
smi_982,string,,Generated compound index 982 using pre-trained LibInvent model
smi_983,string,,Generated compound index 983 using pre-trained LibInvent model
smi_984,string,,Generated compound index 984 using pre-trained LibInvent model
smi_985,string,,Generated compound index 985 using pre-trained LibInvent model
smi_986,string,,Generated compound index 986 using pre-trained LibInvent model
smi_987,string,,Generated compound index 987 using pre-trained LibInvent model
smi_988,string,,Generated compound index 988 using pre-trained LibInvent model
smi_989,string,,Generated compound index 989 using pre-trained LibInvent model
smi_990,string,,Generated compound index 990 using pre-trained LibInvent model
smi_991,string,,Generated compound index 991 using pre-trained LibInvent model
smi_992,string,,Generated compound index 992 using pre-trained LibInvent model
smi_993,string,,Generated compound index 993 using pre-trained LibInvent model
smi_994,string,,Generated compound index 994 using pre-trained LibInvent model
smi_995,string,,Generated compound index 995 using pre-trained LibInvent model
smi_996,string,,Generated compound index 996 using pre-trained LibInvent model
smi_997,string,,Generated compound index 997 using pre-trained LibInvent model
smi_998,string,,Generated compound index 998 using pre-trained LibInvent model
smi_999,string,,Generated compound index 999 using pre-trained LibInvent model
